{
  "auc": 0.9408429831816928,
  "accuracy": 0.8755186721991701,
  "sensitivity": 0.8830645161290323,
  "specificity": 0.8675213675213675,
  "f1": 0.8795180722891566,
  "best_val_auc": 0.9327571888300633,
  "best_epoch": 63,
  "total_epochs": 83,
  "train_losses": [
    0.682093692275713,
    0.6272148512444407,
    0.5643085398763981,
    0.520697424434266,
    0.42871471508493963,
    0.3635802814420664,
    0.2847806427557513,
    0.24258536831387933,
    0.19168078758806553,
    0.14275893308925178,
    0.129684892114041,
    0.133610522550232,
    0.09221413903781828,
    0.07191734042299806,
    0.07928647714192574,
    0.08610295991079425,
    0.05292280556036616,
    0.06956755629969093,
    0.06573194441965448,
    0.02752508295102502,
    0.10641827520404784,
    0.03465559878298696,
    0.03495137762489184,
    0.02926334009048933,
    0.01553205207411973,
    0.0456269826248007,
    0.02839375591292134,
    0.012967192188985998,
    0.02339801330224804,
    0.02270294105159646,
    0.012949190088240255,
    0.011791037242938677,
    0.011820394619376803,
    0.00986100913064976,
    0.006559079015992125,
    0.005865140696701963,
    0.03961913758352891,
    0.009281343230230839,
    0.02770980071377466,
    0.06810480358742424,
    0.006187602505307504,
    0.003110817107503777,
    0.015368285916750055,
    0.009664171004123142,
    0.003763337699775496,
    0.0037550772320619733,
    0.006786236907399418,
    0.006066245785782571,
    0.003297796248313356,
    0.007534002193869179,
    0.005960575944660583,
    0.004578371955365171,
    0.004617431178801025,
    0.003780086210133719,
    0.0037531746652434174,
    0.001034954886494714,
    0.000574123863084681,
    0.0009988412230258,
    0.0005910333951897832,
    0.0028117585030520546,
    0.006911691285083334,
    0.001100671466084127,
    0.0032542596457477762,
    0.0005310194386731622,
    0.0008014522698534354,
    0.00033223459193425887,
    0.00022402377829355415,
    0.002351280915598113,
    0.00024853515101570355,
    0.0002269963543029625,
    0.0026368366933003824,
    0.00127971508701657,
    0.0031923128824344975,
    0.003568839742928383,
    0.0006091348242886663,
    0.0003166893981166518,
    0.0009360883110653134,
    0.00030730407435736916,
    0.0019741306852391165,
    0.0005478142802702386,
    0.0005061015933433566,
    0.0004520266583707746,
    0.002197937537308668
  ],
  "val_aucs": [
    0.7004913664832694,
    0.7444548254264853,
    0.7884182843697014,
    0.8378490605211253,
    0.8566040347416866,
    0.8706356621336379,
    0.8845634797051801,
    0.8918993736807501,
    0.8963804975950725,
    0.890446036195024,
    0.8923492162358558,
    0.9061559223502544,
    0.9062770338073981,
    0.9089587875012978,
    0.9114502231911139,
    0.9051697290563687,
    0.9126007820339803,
    0.8981625661787604,
    0.9024966261808367,
    0.8970552614277311,
    0.8994255856604034,
    0.898647012007336,
    0.8974964531644694,
    0.9110868888196824,
    0.9101006955257968,
    0.907764974566594,
    0.9145645178033842,
    0.902669642548185,
    0.9180940516972906,
    0.9120211772033634,
    0.9167964289421778,
    0.9222637461503858,
    0.9156285684625765,
    0.9121249870237723,
    0.9080071974808817,
    0.8986383611889684,
    0.9203951693830237,
    0.9126613377625523,
    0.9221772379667116,
    0.9193570711789335,
    0.9247032769299975,
    0.9238554967299906,
    0.9237343852728468,
    0.9240112114606042,
    0.9225751756116128,
    0.9273763798055297,
    0.9282674140973736,
    0.9264680438769508,
    0.9270389978892004,
    0.9230077165299837,
    0.9244351015606077,
    0.9234316066299872,
    0.9230682722585556,
    0.9226270805218174,
    0.9240631163708086,
    0.927177410983079,
    0.9271947126198139,
    0.9289508287483996,
    0.9291757500259524,
    0.9270562995259352,
    0.9276099519014498,
    0.9294179729402402,
    0.9327571888300633,
    0.9326014740994498,
    0.9317796463545452,
    0.9316239316239316,
    0.9303349596871864,
    0.9321343299076091,
    0.932523616734143,
    0.9325063150974081,
    0.9313125021627047,
    0.9324803626423058,
    0.9314336136198486,
    0.9254126440361259,
    0.9267102667912384,
    0.9283366206443129,
    0.927488840444306,
    0.9272206650749161,
    0.9290027336586041,
    0.9300927367728987,
    0.9307069448769854,
    0.9315720267137271,
    0.9307675006055572
  ],
  "val_accs": [
    0.6465696465696466,
    0.6756756756756757,
    0.7130977130977131,
    0.735966735966736,
    0.7900207900207901,
    0.8004158004158004,
    0.7837837837837838,
    0.7650727650727651,
    0.8336798336798337,
    0.8253638253638254,
    0.8004158004158004,
    0.8482328482328483,
    0.8274428274428275,
    0.8191268191268192,
    0.83991683991684,
    0.8565488565488566,
    0.8461538461538461,
    0.814968814968815,
    0.8440748440748441,
    0.8378378378378378,
    0.8440748440748441,
    0.8336798336798337,
    0.8503118503118503,
    0.8565488565488566,
    0.8503118503118503,
    0.8108108108108109,
    0.8503118503118503,
    0.8378378378378378,
    0.8544698544698545,
    0.8232848232848233,
    0.8357588357588358,
    0.8523908523908524,
    0.8503118503118503,
    0.8316008316008316,
    0.8544698544698545,
    0.8191268191268192,
    0.8378378378378378,
    0.8482328482328483,
    0.8544698544698545,
    0.8378378378378378,
    0.841995841995842,
    0.8461538461538461,
    0.8503118503118503,
    0.8440748440748441,
    0.8461538461538461,
    0.8607068607068608,
    0.8544698544698545,
    0.841995841995842,
    0.8482328482328483,
    0.8357588357588358,
    0.8440748440748441,
    0.8607068607068608,
    0.8565488565488566,
    0.8440748440748441,
    0.8523908523908524,
    0.8523908523908524,
    0.8565488565488566,
    0.8648648648648649,
    0.8669438669438669,
    0.8565488565488566,
    0.8295218295218295,
    0.8586278586278586,
    0.8627858627858628,
    0.8565488565488566,
    0.8669438669438669,
    0.8690228690228691,
    0.8586278586278586,
    0.8523908523908524,
    0.8669438669438669,
    0.8669438669438669,
    0.8378378378378378,
    0.8731808731808732,
    0.8586278586278586,
    0.8648648648648649,
    0.8586278586278586,
    0.8648648648648649,
    0.8586278586278586,
    0.8565488565488566,
    0.8669438669438669,
    0.8586278586278586,
    0.8627858627858628,
    0.8648648648648649,
    0.8482328482328483
  ],
  "experiment": "sw_baseline_cross_attention",
  "config": {
    "contrastive": {
      "batch_size": 64,
      "enabled": false,
      "epochs": 50,
      "freeze_tst1": false,
      "freeze_tst2": false,
      "loss_type": "infonce",
      "lr": 0.0001,
      "proj_hidden_dim": 256,
      "proj_output_dim": 128,
      "temperature": 0.07,
      "weight_decay": 0.0001
    },
    "data": {
      "data_path": "/root/workplace/exp/TwoTST/data/processed_sw/processed_data.pkl",
      "sliding_window": {
        "enabled": true,
        "stride": 16,
        "window_size": 32
      },
      "split_ratio": {
        "test": 0.2,
        "train": 0.7,
        "val": 0.1
      }
    },
    "experiment": {
      "description": "\u6ed1\u52a8\u7a97\u53e3+Cross-Attention\u878d\u5408",
      "name": "sw_baseline_cross_attention"
    },
    "finetune": {
      "batch_size": 64,
      "classifier": {
        "dropout": 0.3,
        "hidden_dims": [
          256,
          64
        ]
      },
      "epochs": 100,
      "freeze_tst1": false,
      "freeze_tst2": false,
      "lr": 5e-05,
      "patience": 20,
      "save_dir": "/root/workplace/exp/TwoTST/checkpoints_sw/finetune/sw_baseline_cross_attention",
      "weight_decay": 0.0001
    },
    "fusion": {
      "attention_pooling": {
        "hidden_dim": 256
      },
      "bilinear": {
        "output_dim": 256
      },
      "concat": {
        "hidden_dim": 512
      },
      "cross_attention": {
        "dropout": 0.1,
        "n_heads": 8
      },
      "gated": {
        "hidden_dim": 512
      },